,해구번호,유의파고(m),파향(deg),최대파주기(sec),풍속(m/s),풍향(deg)
0,1,0.5,202,5.0,5.0,3
1,2,0.4,112,4.1,7.6,17
2,3,0.5,103,4.4,6.7,346
3,4,0.6,88,4.5,5.6,351
4,5,0.7,316,4.7,5.8,355
5,6,0.6,64,4.4,2.8,86
6,7,0.8,43,4.2,5.4,25
7,8,0.8,19,4.1,6.8,6
8,9,0.7,17,4.4,5.5,4
9,10,0.8,2,4.6,5.8,357
10,11,0.6,44,4.7,2.9,77
11,12,0.7,30,4.6,4.0,63
12,13,0.7,21,4.3,3.8,31
13,14,0.7,15,4.4,4.4,17
14,15,0.8,6,4.8,4.9,9
15,16,0.3,108,3.6,3.4,20
16,17,0.5,49,4.3,4.1,67
17,18,0.7,20,4.6,4.7,66
18,19,0.7,11,4.3,4.5,57
19,20,0.7,6,4.3,4.4,44
20,21,0.8,0,4.6,4.9,31
21,22,0.5,89,3.6,6.4,36
22,23,0.6,67,3.8,6.0,45
23,24,0.6,54,3.7,6.3,65
24,25,0.6,39,3.6,6.5,69
25,26,0.6,29,3.5,6.5,64
26,27,0.6,17,3.4,6.1,54
27,28,0.6,350,3.7,5.8,43
28,29,0.1,74,3.9,5.1,41
29,30,0.3,69,3.3,6.9,50
30,31,0.7,54,3.7,7.4,55
31,32,0.6,35,3.6,6.3,58
32,33,0.4,345,3.6,5.6,65
33,34,0.3,310,4.0,5.7,70
34,35,0.3,277,3.9,6.1,69
35,36,0.3,286,3.7,6.6,62
36,37,0.3,299,3.8,6.2,51
37,38,0.1,59,4.3,3.6,9
38,39,0.2,45,3.9,3.7,22
39,40,0.3,6,3.4,3.5,56
40,41,0.3,337,3.6,3.5,67
41,42,0.3,302,3.8,3.5,63
42,43,0.2,295,4.2,3.7,57
43,44,0.2,284,4.0,3.7,52
44,45,0.2,282,4.0,4.2,44
45,46,0.3,284,4.1,4.7,40
46,47,0.2,42,4.5,2.9,311
47,48,0.2,23,4.3,1.1,281
48,49,0.3,6,4.2,1.3,201
49,50,0.3,1,4.1,1.0,206
50,51,0.3,3,4.2,0.3,88
51,52,0.3,347,4.1,1.6,40
52,53,0.3,330,4.2,3.0,21
53,54,0.3,318,4.3,3.6,29
54,55,0.2,35,4.7,0.5,234
55,56,0.3,27,4.6,1.8,193
56,57,0.3,19,4.5,2.1,189
57,58,0.3,10,4.5,1.2,206
58,59,0.3,357,4.4,0.6,6
59,60,0.3,345,4.4,2.7,20
60,61,0.4,328,4.4,3.1,23
61,62,0.2,33,4.9,1.0,217
62,63,0.2,27,4.8,0.7,220
63,64,0.3,19,4.8,1.3,158
64,65,0.3,9,4.7,1.7,167
65,66,0.3,358,4.6,0.6,217
66,67,0.4,345,4.5,1.5,7
67,68,0.4,330,4.5,2.2,1
68,69,0.2,23,5.2,2.1,317
69,70,0.2,15,5.2,0.8,70
70,71,0.3,4,5.1,2.6,123
71,72,0.3,341,4.5,1.6,137
72,73,0.3,341,4.8,0.2,60
73,74,0.4,325,4.8,1.0,8
74,75,-999.0,-999,-999.0,-999.0,-999
75,76,0.1,9,4.6,1.4,0
76,77,0.2,350,4.2,1.1,141
77,78,0.2,330,4.2,1.8,128
78,79,0.3,320,4.4,1.1,147
79,80,0.3,314,4.7,0.4,91
80,81,0.0,24,5.0,3.8,358
81,82,0.1,5,4.2,2.1,357
82,83,0.2,344,4.4,1.3,105
83,84,0.2,329,4.5,1.5,94
84,85,0.3,323,4.7,1.1,96
85,86,0.3,318,4.9,1.3,106
86,87,0.1,352,4.8,2.2,12
87,88,0.2,336,4.8,3.4,97
88,89,0.2,335,4.9,3.5,105
89,90,0.3,332,5.1,3.3,102
90,91,0.3,326,5.3,3.5,90
91,92,0.1,223,4.7,3.4,32
92,93,0.1,299,5.2,2.3,72
93,94,0.2,346,5.3,4.0,104
94,95,0.2,344,5.4,4.0,101
95,96,0.3,338,5.6,3.6,94
96,97,0.0,176,4.8,0.7,210
97,98,0.1,201,4.3,0.9,242
98,99,0.1,212,4.3,0.4,63
99,100,0.1,229,4.4,0.5,90
100,101,0.1,0,5.9,0.3,237
101,102,0.2,344,6.1,0.7,80
102,103,0.2,336,6.1,2.5,101
103,104,0.1,189,4.5,1.2,253
104,105,0.1,215,4.1,1.4,251
105,106,0.1,228,4.2,1.7,207
106,107,0.1,241,4.6,1.2,205
107,108,0.2,289,5.2,0.8,192
108,109,0.2,314,6.5,1.3,210
109,110,0.1,196,4.8,1.1,234
110,111,0.1,224,4.0,1.8,245
111,112,0.2,235,4.1,2.3,221
112,113,0.2,196,5.8,1.5,185
113,114,0.2,219,4.6,1.5,203
114,115,0.2,181,6.1,1.0,177
115,116,0.1,171,5.3,4.3,43
116,117,0.2,178,5.3,4.6,43
117,118,0.2,184,5.2,3.6,53
118,119,0.1,168,5.3,6.9,51
119,120,0.2,175,5.3,6.0,54
120,121,0.2,179,5.3,5.4,55
121,122,0.2,185,5.2,4.5,63
122,123,0.2,199,5.3,4.1,69
123,124,0.1,242,4.1,3.5,85
124,125,0.2,161,5.3,6.4,95
125,126,0.3,170,5.3,7.1,94
126,127,0.3,177,5.3,6.5,91
127,128,0.3,182,5.2,4.9,90
128,129,0.3,187,5.2,3.2,94
129,130,0.2,215,4.9,1.8,97
130,131,0.1,121,3.7,7.5,107
131,132,0.2,146,5.0,8.8,120
132,133,0.4,165,5.2,9.3,126
133,134,0.4,173,5.2,8.2,131
134,135,0.3,182,5.2,5.7,139
135,136,0.3,187,5.2,4.3,139
136,137,0.2,213,4.8,2.4,140
137,138,0.2,95,2.7,11.8,71
138,139,0.2,117,3.1,12.8,78
139,140,0.5,147,4.7,12.4,82
140,141,0.4,159,5.1,10.1,81
141,142,0.3,176,5.0,6.9,82
142,143,0.2,186,5.0,5.1,100
143,144,0.2,194,4.9,4.0,140
144,145,0.2,200,4.9,3.9,165
145,146,0.1,203,4.9,3.9,174
146,147,0.7,131,4.5,12.3,77
147,148,0.5,147,4.8,12.2,74
148,149,0.3,160,4.8,11.3,73
149,150,0.2,177,4.8,9.8,72
150,151,0.2,193,4.8,7.6,69
151,152,0.2,206,4.8,5.4,59
152,153,0.2,224,4.8,3.3,61
153,154,0.1,250,4.4,2.3,85
154,155,1.0,126,4.9,9.1,102
155,156,0.9,129,4.7,9.3,100
156,157,0.9,134,4.6,10.0,101
157,158,0.8,142,4.3,9.9,101
158,159,0.6,147,4.2,9.6,100
159,160,0.4,158,4.5,8.5,95
160,161,0.2,186,4.7,6.7,89
161,162,0.2,208,4.7,4.9,80
162,163,0.2,228,4.7,4.2,77
163,164,0.1,247,4.6,3.5,73
164,165,0.9,118,4.7,7.9,131
165,166,0.8,122,4.6,8.3,127
166,167,0.8,129,4.5,8.8,126
167,168,0.8,134,4.3,9.4,123
168,169,0.7,136,4.1,9.2,119
169,170,0.6,145,3.8,8.3,113
170,171,0.3,172,4.2,6.7,105
171,172,0.2,209,4.5,4.8,100
172,173,0.2,233,4.5,3.9,92
173,174,0.1,256,4.5,3.7,87
174,175,0.7,115,4.5,7.8,147
175,176,0.6,117,4.3,7.5,145
176,177,0.6,121,4.1,7.8,144
177,178,0.6,128,4.0,8.7,140
178,179,0.6,130,3.8,8.6,130
179,180,0.6,126,3.5,7.6,122
180,181,0.4,126,3.3,6.4,115
181,182,0.2,191,4.0,4.9,110
182,183,0.2,252,4.3,3.7,104
183,184,0.1,293,4.4,3.3,100
184,185,0.7,128,4.5,7.6,152
185,186,0.6,139,4.3,7.3,157
186,187,0.6,147,4.0,6.9,161
187,188,0.6,147,4.0,7.2,154
188,189,0.6,148,3.7,7.6,143
189,190,0.5,145,3.4,7.0,132
190,191,0.3,123,3.7,5.4,130
191,192,0.2,222,4.2,3.6,128
192,193,0.2,277,4.3,2.2,134
193,194,0.1,310,4.5,1.7,147
194,195,0.7,136,4.6,7.0,159
195,196,0.7,152,4.5,7.1,164
196,197,0.7,164,4.4,6.8,167
197,198,0.6,174,4.5,6.5,166
198,199,0.5,180,4.5,6.7,159
199,200,0.5,186,4.5,6.6,146
200,201,0.3,198,4.7,5.6,135
201,202,0.2,226,4.3,4.0,129
202,203,0.1,269,4.3,2.9,116
203,204,0.0,271,4.1,2.1,128
204,205,0.7,165,4.6,6.0,166
205,206,0.7,177,4.6,5.6,169
206,207,0.6,188,4.6,6.0,165
207,208,0.5,194,4.6,5.8,155
208,209,0.3,196,4.6,4.9,138
209,210,0.2,207,4.6,3.8,130
210,211,0.2,218,4.5,2.9,129
211,212,0.1,212,4.1,2.4,133
212,213,0.1,176,6.0,1.6,110
213,214,0.1,179,5.2,0.6,174
214,215,0.8,170,4.7,6.2,171
215,216,0.8,179,4.6,6.4,177
216,217,0.7,185,4.4,6.0,173
217,218,0.6,190,4.4,5.2,161
218,219,0.5,196,4.3,5.0,162
219,220,0.4,193,4.6,4.4,162
220,221,0.2,205,4.8,4.3,166
221,222,0.1,228,4.1,2.5,143
222,223,0.1,197,5.3,2.0,131
223,224,0.1,169,5.9,1.7,166
224,225,0.8,173,4.6,6.9,175
225,226,0.7,182,4.5,6.2,174
226,227,0.6,182,4.3,5.9,179
227,228,0.6,185,4.1,6.0,177
228,229,0.6,193,4.0,6.3,171
229,230,0.4,190,4.7,5.7,168
230,231,0.3,170,6.1,4.4,168
231,232,0.2,180,5.8,2.5,150
232,233,0.2,166,6.2,0.6,172
233,234,0.2,178,6.1,1.4,191
234,235,0.9,177,4.8,7.2,178
235,236,0.7,184,4.6,5.6,174
236,237,0.6,181,4.4,4.7,168
237,238,0.6,181,4.1,4.8,162
238,239,0.6,187,4.0,5.7,167
239,240,0.4,182,4.7,5.2,167
240,241,0.3,156,6.3,4.2,167
241,242,0.3,153,6.3,3.0,176
242,243,0.3,155,6.2,2.0,186
243,244,0.2,165,6.2,1.4,181
244,245,1.0,177,4.8,7.3,180
245,246,0.8,180,4.6,5.7,180
246,247,0.7,178,4.4,4.9,178
247,248,0.6,180,4.1,4.6,172
248,249,0.5,181,4.0,4.9,165
249,250,0.4,173,5.4,4.9,168
250,251,0.3,142,6.3,4.1,162
251,252,0.3,142,6.3,2.8,162
252,253,0.3,144,6.2,2.0,173
253,254,0.3,148,6.2,1.3,161
254,258,0.9,90,10.1,5.0,60
255,259,0.9,90,9.9,4.7,64
256,260,0.9,91,9.8,4.3,76
257,261,0.9,91,9.7,4.5,81
258,262,0.9,90,9.7,4.5,80
259,263,0.9,90,9.7,4.4,77
260,264,0.9,90,10.2,5.0,75
261,265,0.9,92,9.8,4.7,77
262,266,1.0,92,9.8,4.7,80
263,267,1.0,91,9.7,4.9,81
264,268,1.0,91,9.7,5.0,83
265,269,1.0,91,9.7,4.6,88
266,270,1.0,92,9.8,5.5,79
267,271,1.0,92,9.8,5.5,80
268,272,1.0,92,9.7,5.6,82
269,273,1.0,92,9.7,5.6,85
270,274,1.0,92,9.7,5.3,93
271,275,1.0,91,9.7,5.2,100
272,276,1.1,91,9.7,6.3,82
273,277,1.1,91,9.7,6.3,84
274,278,1.1,90,9.7,6.3,89
275,279,1.1,90,9.6,6.0,95
276,280,1.1,91,9.6,5.7,98
277,281,1.1,91,9.6,5.9,100
278,282,1.1,88,9.6,6.5,91
279,283,1.2,87,9.6,6.6,95
280,284,1.2,86,9.6,6.4,98
281,285,1.1,87,9.6,6.3,99
282,286,1.1,88,9.6,6.2,98
283,287,1.1,88,9.5,6.2,96
284,288,1.1,84,9.6,6.3,93
285,289,1.1,83,9.6,6.4,92
286,290,1.1,84,9.6,6.5,94
287,291,1.1,84,9.6,6.5,95
288,292,1.1,85,9.5,6.3,96
289,293,1.1,85,9.5,6.0,97
290,294,1.1,83,9.6,6.0,85
291,295,1.1,82,9.6,6.3,87
292,296,1.1,81,9.6,6.6,93
293,297,1.1,81,9.6,6.5,95
294,298,1.1,80,9.6,6.0,95
295,299,1.1,81,9.6,5.5,99
296,302,0.7,268,5.3,7.0,356
297,303,0.7,249,5.4,6.2,329
298,304,0.7,228,5.7,5.7,322
299,305,0.8,235,5.8,5.9,308
300,306,0.9,318,4.7,7.3,354
301,307,1.0,301,4.9,8.6,341
302,308,1.0,278,5.4,7.8,340
303,309,1.1,274,5.7,8.4,332
304,310,0.9,340,4.8,6.3,349
305,311,1.1,322,5.0,7.4,339
306,312,1.1,297,5.2,6.8,332
307,313,1.1,284,5.5,7.1,330
308,314,1.0,348,4.9,6.3,2
309,315,1.1,330,5.1,7.4,349
310,316,1.2,313,5.1,7.8,333
311,317,1.2,298,5.3,7.0,324
312,318,0.9,345,4.8,5.3,18
313,319,1.0,324,4.9,5.8,2
314,320,1.0,305,5.0,5.8,341
315,321,1.1,297,5.2,5.5,324
316,322,0.7,330,4.1,5.5,29
317,323,0.7,310,4.4,5.2,13
318,324,0.8,296,4.8,5.2,1
319,325,0.9,292,5.2,5.7,352
320,326,0.4,310,3.9,5.7,40
321,327,0.5,300,4.3,5.2,27
322,328,0.6,295,4.7,5.2,13
323,329,0.7,294,5.1,5.2,0
324,330,0.3,287,4.3,4.9,34
325,331,0.4,291,4.5,4.6,21
326,332,0.5,296,4.7,4.4,6
327,333,0.6,298,4.9,4.4,353
328,334,0.4,305,4.4,3.6,32
329,335,0.4,300,4.6,3.2,22
330,336,0.5,296,4.8,3.2,10
331,337,0.5,292,5.0,3.4,358
332,338,0.4,315,4.5,2.9,35
333,339,0.4,305,4.6,2.6,33
334,340,0.5,296,4.8,2.8,23
335,341,0.5,289,4.9,2.5,15
336,342,0.4,317,4.7,1.9,16
337,343,0.4,307,4.8,2.0,27
338,344,0.5,298,4.9,2.2,30
339,345,0.5,293,5.2,2.3,38
340,346,0.4,314,4.8,1.4,356
341,347,0.4,305,5.0,1.7,4
342,348,0.4,300,5.2,1.9,6
343,349,0.5,296,5.5,2.3,18
344,350,0.3,310,4.9,0.9,7
345,351,0.4,306,5.1,1.7,2
346,352,0.4,304,5.3,2.2,0
347,353,0.5,306,5.6,2.4,359
348,354,0.3,316,5.1,0.6,120
349,355,0.4,314,5.3,0.5,93
350,356,0.3,305,5.2,0.6,77
351,357,0.4,315,5.7,1.1,36
352,358,0.3,323,5.5,3.0,85
353,359,0.4,321,5.6,2.8,98
354,360,0.2,308,5.6,1.7,84
355,361,0.2,324,5.8,0.7,30
356,362,0.3,332,5.8,3.5,89
357,363,0.3,329,5.9,2.8,92
358,365,0.2,337,6.2,3.5,81
359,366,0.2,337,6.2,3.1,79
360,367,0.2,326,6.7,1.6,205
361,368,0.2,249,4.5,1.5,211
362,369,0.1,289,4.9,0.8,181
363,370,0.1,353,6.5,0.4,189
364,371,0.1,244,4.0,1.6,191
365,372,0.1,253,4.8,1.1,184
366,374,0.2,197,5.8,0.6,162
367,375,0.1,225,4.9,0.7,86
368,376,0.1,199,5.1,1.1,29
369,377,0.1,234,4.1,2.0,13
370,378,0.2,156,6.1,0.4,132
371,379,0.2,174,5.9,0.6,30
372,380,0.2,184,5.8,1.3,27
373,381,0.1,212,5.3,1.9,19
374,382,0.1,245,4.0,2.8,15
375,384,0.0,245,3.1,2.5,0
376,385,0.0,123,7.2,2.4,59
377,386,0.0,53,3.3,4.5,42
378,387,0.0,206,9.7,2.5,30
379,388,0.1,130,9.0,5.4,307
380,389,0.5,210,9.0,5.7,310
381,390,0.6,175,9.6,5.7,292
382,391,0.0,-999,4.5,2.1,5
383,392,0.0,-999,4.1,1.8,357
384,393,0.0,352,3.5,1.9,333
385,394,0.1,306,3.1,1.5,2
386,395,0.0,108,9.2,2.7,47
387,396,0.1,133,7.3,3.7,22
388,397,0.0,187,6.6,3.1,27
389,398,0.6,114,9.5,0.4,12
390,399,0.7,121,9.6,4.4,351
391,400,0.9,88,9.6,6.0,320
392,401,0.7,141,4.5,6.8,165
393,402,0.7,155,4.5,6.7,167
394,403,0.7,147,4.4,6.9,169
395,404,0.8,157,4.7,6.5,169
396,405,0.7,148,4.3,7.1,171
397,406,0.8,156,4.6,6.6,170
398,407,0.9,161,4.8,6.3,173
399,408,1.0,162,4.8,7.2,176
400,409,0.9,137,9.6,5.8,303
401,410,0.0,157,5.6,1.6,301
402,411,0.0,115,10.1,0.7,290
403,412,0.0,150,6.0,2.9,309
404,413,0.0,197,4.8,2.8,341
405,414,0.0,263,3.0,1.4,7
406,415,0.4,127,9.4,4.9,7
407,416,0.3,138,9.6,2.5,335
408,417,0.7,108,9.7,1.6,104
409,418,0.8,112,9.7,2.7,47
410,419,0.9,110,9.7,2.9,348
411,420,0.9,114,9.7,3.2,290
412,421,0.1,171,5.9,4.2,328
413,422,0.6,116,9.7,1.5,133
414,423,0.6,111,9.7,1.9,117
415,424,0.7,107,9.7,1.7,38
416,425,0.7,105,9.7,1.8,316
417,426,0.7,102,9.7,2.8,296
418,427,0.8,100,9.7,0.7,348
419,428,0.9,101,9.7,1.0,246
420,429,0.9,100,9.7,2.4,267
421,430,1.0,99,9.7,3.8,268
422,432,0.6,109,9.6,6.5,342
423,433,0.6,108,9.3,3.5,334
424,434,0.7,103,9.9,1.9,56
425,435,0.8,102,10.0,2.3,85
426,436,0.8,101,10.0,1.6,92
427,437,0.8,100,9.9,0.4,30
428,438,0.8,100,9.8,1.5,302
429,439,0.8,99,9.8,2.7,282
430,440,0.8,96,9.7,2.8,273
431,441,0.9,92,9.7,2.7,269
432,442,0.9,91,9.7,2.9,265
433,443,0.9,91,9.7,3.4,262
434,444,0.7,102,10.0,2.0,351
435,445,0.8,89,10.0,6.0,352
436,446,0.9,84,10.1,4.4,342
437,447,0.8,99,10.1,1.2,1
438,448,0.8,99,10.0,0.4,323
439,449,0.8,98,10.0,0.2,182
440,450,0.8,98,10.0,0.6,305
441,451,0.8,97,9.9,1.4,283
442,452,0.8,97,9.8,1.8,271
443,453,0.8,96,9.7,2.4,264
444,454,0.9,95,9.7,2.6,259
445,455,0.9,94,9.7,2.4,257
446,456,0.9,93,9.7,2.2,257
447,457,1.0,167,4.7,8.0,178
448,458,0.9,176,4.6,7.6,183
449,459,0.8,175,4.4,6.9,186
450,460,0.7,168,4.1,6.3,183
451,461,0.6,167,4.0,6.1,177
452,462,0.5,167,5.1,5.7,170
453,463,0.4,155,8.5,5.1,169
454,464,0.3,132,8.6,4.1,159
455,465,0.3,133,8.5,3.2,157
456,466,0.3,134,8.8,2.6,162
457,467,0.3,135,8.1,1.8,169
458,468,0.3,138,7.1,0.6,151
459,469,0.2,146,6.1,0.8,9
460,470,0.2,159,5.8,1.5,14
461,471,0.2,181,5.8,2.1,13
462,472,0.1,210,5.3,3.4,14
463,474,0.8,99,10.1,2.2,19
464,475,0.8,98,10.2,2.8,6
465,476,0.8,97,10.2,3.0,322
466,477,0.8,96,10.2,2.7,289
467,478,0.8,97,10.1,2.5,274
468,479,0.8,97,10.1,1.9,266
469,480,0.8,96,10.0,1.7,272
470,481,0.9,96,9.9,1.8,267
471,482,0.9,96,9.8,1.8,257
472,483,0.9,95,9.8,2.0,253
473,484,0.9,94,9.7,2.0,254
474,485,0.9,93,9.7,2.0,258
475,486,0.9,93,9.7,1.9,254
476,487,0.9,174,4.3,8.2,178
477,488,0.8,167,4.3,7.2,182
478,489,0.7,162,4.3,6.4,183
479,490,0.6,161,4.0,6.0,180
480,491,0.6,158,4.5,5.9,176
481,492,0.5,156,8.0,5.6,170
482,493,0.4,139,8.7,4.8,166
483,494,0.4,127,9.4,3.6,156
484,495,0.4,126,10.1,2.5,141
485,496,0.4,125,10.1,1.8,148
486,497,0.3,125,10.1,1.1,154
487,498,0.3,128,10.1,0.4,111
488,499,0.3,130,10.1,1.4,12
489,500,0.3,134,9.1,1.9,16
490,501,0.2,138,8.9,1.6,15
491,502,0.2,137,9.0,2.4,25
492,503,0.2,138,8.6,2.0,24
493,504,0.3,143,7.8,1.2,81
494,505,0.7,100,10.1,1.0,49
495,506,0.8,97,10.4,1.3,359
496,507,0.8,96,10.4,1.9,335
497,508,0.8,95,10.4,2.1,307
498,509,0.8,95,10.3,2.2,287
499,510,0.9,95,10.2,1.9,269
500,511,0.9,95,10.1,1.8,262
501,512,0.9,95,10.0,1.6,238
502,513,0.9,95,9.9,1.4,221
503,514,0.9,94,9.8,1.0,238
504,515,0.9,94,9.8,1.0,258
505,516,0.9,93,9.8,1.1,250
506,517,0.9,93,9.8,1.2,243
507,518,0.9,92,9.8,1.3,250
508,519,0.6,179,3.6,7.2,177
509,520,0.6,157,4.0,6.0,180
510,521,0.7,157,4.2,5.6,183
511,522,0.6,155,4.0,5.4,177
512,523,0.6,151,6.7,5.6,173
513,524,0.5,147,8.7,5.4,163
514,525,0.4,131,9.4,4.6,157
515,526,0.4,124,10.0,2.9,151
516,527,0.4,121,10.1,2.2,134
517,528,0.4,119,10.1,1.3,139
518,529,0.4,118,10.1,0.9,119
519,530,0.4,119,10.1,0.4,76
520,531,0.4,119,10.1,1.6,22
521,532,0.4,120,10.0,2.0,30
522,533,0.4,120,10.0,1.9,51
523,534,0.3,117,10.4,2.1,58
524,535,0.3,93,10.9,2.0,64
525,536,0.3,101,10.0,1.1,71
526,537,0.8,95,10.3,0.6,102
527,538,0.8,95,10.6,0.9,75
528,539,0.8,95,10.6,0.9,31
529,540,0.8,94,10.6,1.0,6
530,541,0.9,94,10.5,0.4,349
531,542,0.9,93,10.3,0.5,237
532,543,0.9,93,10.1,0.5,197
533,544,0.9,94,10.0,0.6,99
534,545,0.9,93,9.9,0.2,341
535,546,0.9,93,9.8,0.3,191
536,547,0.9,93,9.8,0.7,139
537,548,0.9,93,9.8,0.3,154
538,549,0.9,92,9.7,0.4,183
539,550,0.9,91,9.8,0.6,278
540,551,0.4,166,3.5,5.7,177
541,552,0.6,151,4.3,5.1,178
542,553,0.7,153,4.2,5.0,181
543,554,0.6,148,5.4,4.9,175
544,555,0.6,144,8.6,5.2,167
545,556,0.5,139,8.8,5.0,157
546,557,0.5,127,9.8,4.2,146
547,558,0.4,122,10.0,3.1,135
548,559,0.4,117,10.1,2.3,124
549,560,0.4,114,10.1,1.6,140
550,561,0.4,112,10.1,1.5,116
551,562,0.4,111,10.1,1.0,103
552,563,0.5,110,10.0,2.0,55
553,564,0.5,109,10.0,2.3,55
554,565,0.5,107,9.9,2.6,63
555,566,0.5,110,9.9,2.9,72
556,567,0.5,120,9.4,2.6,98
557,568,0.7,104,9.9,1.8,78
558,569,0.8,95,10.5,1.5,66
559,570,0.8,94,10.8,1.7,71
560,571,0.9,93,10.8,1.9,72
561,572,0.9,93,10.8,1.5,91
562,573,0.9,93,10.7,1.3,105
563,574,0.9,93,10.4,1.5,99
564,575,0.9,92,10.2,1.4,81
565,576,0.9,92,10.0,0.9,59
566,577,0.9,92,9.9,1.2,80
567,578,0.9,92,9.8,1.5,77
568,579,0.9,92,9.8,1.2,76
569,580,0.9,92,9.7,1.1,58
570,581,0.9,92,9.7,1.3,19
571,582,0.9,92,9.7,1.4,0
572,583,0.9,91,9.9,2.4,66
573,584,0.9,91,9.8,2.2,60
574,585,0.9,91,9.8,2.4,54
575,586,0.9,91,9.7,2.6,43
576,587,0.9,91,9.7,2.5,38
577,588,0.9,91,9.7,2.3,29
578,589,0.9,91,9.9,3.3,56
579,590,0.9,91,9.8,3.4,49
580,591,0.9,91,9.8,3.6,49
581,592,0.9,91,9.7,3.5,51
582,593,0.9,90,9.7,3.6,54
583,594,0.9,90,9.7,3.7,52
584,595,0.9,90,10.0,4.1,53
585,596,0.9,90,9.9,4.1,53
586,597,0.9,90,9.8,4.2,56
587,598,0.9,91,9.7,4.3,63
588,599,0.9,90,9.7,4.4,68
589,600,0.9,90,9.7,4.0,69
590,601,0.5,145,3.7,6.2,169
591,602,0.7,172,4.0,8.2,172
592,603,0.2,115,3.1,4.1,160
593,604,0.5,167,3.3,6.4,171
594,605,0.5,157,3.6,4.9,181
595,606,0.7,148,4.7,4.7,180
596,607,0.7,145,6.3,4.7,181
597,608,0.6,140,8.6,5.1,172
598,609,0.6,139,8.7,5.5,162
599,610,0.5,135,9.2,5.1,151
600,615,0.6,139,6.2,5.1,183
601,616,0.7,140,6.5,5.2,176
602,617,0.6,137,6.4,5.2,176
603,618,0.6,134,6.4,5.4,170
604,619,0.6,133,8.2,5.8,157
605,620,0.6,130,9.3,5.7,146
606,624,0.3,125,6.8,4.5,182
607,625,0.7,133,6.7,5.0,169
608,626,0.7,134,6.5,5.3,164
609,627,0.7,133,6.4,5.3,165
610,628,0.6,131,6.3,5.3,165
611,629,0.6,129,6.9,5.2,152
612,630,0.6,126,9.2,5.3,134
613,633,0.3,130,6.0,2.8,173
614,634,0.7,129,6.8,4.0,161
615,635,0.8,129,6.7,5.0,152
616,636,0.8,131,6.5,5.4,151
617,637,0.8,132,6.4,4.8,148
618,638,0.7,131,6.3,4.3,149
619,639,0.7,128,6.2,4.3,148
620,640,0.7,125,7.5,4.6,127
621,642,0.3,132,6.5,1.3,138
622,643,0.6,123,6.8,2.7,141
623,644,0.9,126,6.7,3.9,141
624,645,1.0,127,6.5,4.8,144
625,646,1.0,129,6.3,5.4,142
626,647,0.9,131,6.2,5.1,137
627,648,0.8,130,6.2,4.6,133
628,649,0.8,127,6.2,4.4,136
629,650,0.7,124,6.2,4.5,130
630,651,0.4,125,6.4,3.2,19
631,652,0.8,125,6.2,2.5,80
632,653,1.0,123,6.3,3.9,114
633,654,1.1,123,6.2,4.8,125
634,655,1.1,123,6.2,5.4,131
635,656,1.1,124,6.2,5.8,133
636,657,1.0,125,6.2,5.5,127
637,658,1.0,125,6.2,5.3,127
638,659,0.9,124,6.2,5.2,125
639,660,0.8,122,6.1,5.0,122
640,661,0.8,116,6.3,4.6,34
641,662,1.2,118,6.3,5.1,86
642,663,1.3,119,6.1,6.1,107
643,664,1.3,120,6.0,6.3,118
644,665,1.2,120,5.9,6.1,126
645,666,1.2,120,6.1,6.3,129
646,667,1.1,119,6.2,6.3,125
647,668,1.0,120,6.2,5.9,121
648,669,1.0,121,6.2,5.7,121
649,670,0.9,120,6.1,5.5,117
650,671,1.3,107,6.5,6.2,43
651,672,1.6,109,6.4,7.1,85
652,673,1.6,114,6.1,8.0,105
653,674,1.4,117,5.7,7.4,119
654,675,1.3,118,5.5,6.9,129
655,676,1.2,117,5.7,6.9,130
656,677,1.1,114,6.2,6.7,125
657,678,1.1,114,6.2,6.5,117
658,679,1.0,115,6.2,6.5,114
659,680,1.0,116,6.1,6.3,113
660,681,1.6,90,6.7,6.5,70
661,682,1.8,96,6.4,8.0,106
662,683,1.8,106,6.1,9.7,108
663,684,1.6,117,5.6,9.0,121
664,685,1.3,116,5.3,7.0,133
665,686,1.2,114,5.4,6.3,136
666,687,1.1,112,6.2,6.6,130
667,688,1.1,110,6.1,6.9,123
668,689,1.1,110,6.1,7.0,114
669,690,1.1,111,6.1,6.8,108
670,691,1.3,68,6.4,5.7,130
671,692,1.0,63,5.9,4.5,152
672,693,0.8,67,5.5,3.4,89
673,694,1.3,107,5.3,9.6,128
674,695,1.1,114,5.2,7.5,144
675,696,1.1,107,5.4,5.6,148
676,697,1.1,105,5.5,6.3,135
677,698,1.1,104,6.0,6.9,125
678,699,1.1,106,5.9,7.2,116
679,700,1.0,105,5.9,7.0,107
680,701,0.5,126,10.0,4.4,141
681,702,0.5,118,10.0,3.4,127
682,703,0.5,113,10.1,2.2,121
683,704,0.5,109,10.1,2.3,133
684,705,0.5,106,10.1,2.1,125
685,706,0.5,105,10.1,2.2,100
686,707,0.5,105,10.0,2.4,65
687,708,0.5,105,10.0,2.7,67
688,709,0.5,105,10.0,2.8,74
689,710,0.6,101,9.9,2.8,83
690,711,0.5,121,9.9,5.1,138
691,712,0.5,114,10.0,4.0,127
692,713,0.5,108,10.0,3.2,124
693,714,0.5,104,10.1,2.9,119
694,715,0.5,102,10.1,2.5,106
695,716,0.5,99,10.0,2.3,83
696,717,0.6,96,10.0,2.7,62
697,718,0.6,93,10.0,2.8,62
698,719,0.7,93,9.9,2.8,67
699,720,0.8,94,9.9,3.1,74
700,721,0.6,121,9.7,4.8,123
701,722,0.5,114,9.9,4.0,109
702,723,0.5,107,10.0,3.4,102
703,724,0.5,100,10.0,2.9,98
704,725,0.5,96,9.9,2.8,95
705,726,0.6,93,9.7,2.7,80
706,727,0.6,89,9.6,3.1,74
707,728,0.6,83,9.6,2.9,73
708,729,0.7,80,10.0,2.9,67
709,730,0.8,88,9.8,2.9,72
710,731,0.6,120,9.5,4.6,113
711,732,0.6,113,9.6,4.3,101
712,733,0.5,103,9.6,3.7,93
713,734,0.5,96,9.2,3.2,95
714,735,0.6,93,8.8,3.4,90
715,736,0.6,91,8.7,3.3,89
716,737,0.5,91,8.9,2.9,84
717,738,0.5,98,9.0,3.0,68
718,739,0.4,103,8.0,2.6,55
719,740,0.7,100,9.8,3.0,63
720,741,0.7,120,8.8,4.7,115
721,742,0.6,113,9.3,4.7,101
722,743,0.6,104,9.1,4.1,91
723,744,0.5,95,9.1,3.9,82
724,745,0.5,92,9.5,3.5,75
725,746,0.5,100,9.8,3.5,73
726,747,0.5,106,9.9,4.0,61
727,748,0.5,113,9.2,3.6,61
728,749,0.8,98,9.8,3.5,66
729,750,0.9,95,9.7,3.7,70
730,751,0.8,121,6.1,4.9,117
731,752,0.7,119,7.5,4.8,110
732,753,0.6,112,9.1,4.6,103
733,754,0.5,105,9.8,4.4,92
734,755,0.4,93,10.0,4.3,82
735,756,0.4,92,10.0,4.2,77
736,757,0.6,105,10.0,4.3,74
737,758,0.8,100,9.7,4.1,68
738,759,0.9,96,9.8,4.1,74
739,760,0.9,94,9.6,3.9,73
740,761,0.9,120,5.9,5.4,112
741,762,0.8,123,5.8,5.2,109
742,763,0.6,126,5.8,5.1,104
743,764,0.5,112,7.8,4.9,94
744,765,0.3,117,9.1,5.0,86
745,766,0.2,80,7.7,4.6,80
746,767,0.7,88,9.6,4.6,76
747,768,0.9,99,9.8,4.6,77
748,769,0.9,96,9.7,4.7,78
749,770,0.9,94,9.6,4.5,81
750,771,1.0,117,5.9,5.9,111
751,772,0.9,120,5.8,5.7,106
752,773,0.8,124,5.7,5.3,98
753,774,0.7,127,5.8,5.5,88
754,775,0.5,141,6.1,5.4,78
755,776,0.6,132,7.7,5.0,75
756,777,1.0,100,9.8,5.0,77
757,778,1.0,98,9.7,5.0,79
758,779,1.0,97,9.6,5.1,81
759,780,0.9,95,9.5,5.4,83
760,781,1.1,113,6.0,6.6,107
761,782,1.0,114,5.8,6.0,103
762,783,1.0,114,8.0,5.5,96
763,784,1.0,113,10.0,5.6,88
764,785,1.0,108,9.9,5.5,79
765,786,1.0,101,9.9,5.4,75
766,787,1.0,98,9.8,5.2,75
767,788,1.0,97,9.6,5.1,79
768,789,1.0,96,9.5,5.4,82
769,790,1.0,95,9.4,5.6,84
770,791,1.1,103,6.0,6.6,101
771,792,1.1,109,6.0,6.2,96
772,793,1.1,106,10.0,5.9,92
773,794,1.1,103,9.9,5.6,85
774,795,1.1,100,9.8,5.4,79
775,796,1.1,98,9.8,5.1,76
776,797,1.0,96,9.7,5.1,77
777,798,1.0,96,9.6,5.1,78
778,799,1.0,95,9.5,5.3,80
779,800,1.0,96,9.5,5.5,81
780,801,0.8,96,9.9,2.7,98
781,802,0.8,95,9.9,2.0,84
782,803,0.8,94,10.4,2.2,72
783,804,0.9,93,10.8,2.6,81
784,805,0.9,93,10.9,2.5,93
785,806,0.9,92,10.8,2.5,92
786,807,0.9,92,10.8,2.7,89
787,808,0.9,92,10.6,2.3,84
788,809,0.9,92,10.2,1.9,77
789,810,0.9,92,10.1,2.3,73
790,811,0.8,94,9.8,3.1,80
791,812,0.8,94,9.7,3.3,84
792,813,0.9,93,10.0,3.3,79
793,814,0.9,93,10.9,3.2,79
794,815,0.9,92,10.9,3.3,79
795,816,0.9,92,10.9,3.4,76
796,817,0.9,91,10.8,3.4,77
797,818,0.9,91,10.8,2.9,64
798,819,0.9,91,10.4,3.1,61
799,820,0.9,91,10.1,3.4,58
800,821,0.8,94,9.7,3.3,79
801,822,0.9,93,9.7,3.6,83
802,823,0.9,93,9.8,3.9,78
803,824,0.9,92,10.9,4.0,71
804,825,0.9,91,10.9,3.8,71
805,826,0.9,91,10.9,3.6,68
806,827,0.9,91,10.9,3.6,63
807,828,0.9,91,10.9,4.0,60
808,829,0.9,91,10.7,4.0,57
809,830,0.9,90,10.3,3.8,52
810,831,0.8,94,9.7,3.0,75
811,832,0.9,93,9.7,3.7,81
812,833,0.9,92,9.7,3.8,78
813,834,0.9,91,10.0,4.1,75
814,835,0.9,91,10.9,4.1,71
815,836,0.9,91,10.9,4.3,66
816,837,0.9,90,10.9,4.6,66
817,838,0.9,90,10.9,4.9,64
818,839,0.9,90,10.9,5.0,61
819,840,0.9,90,10.7,5.0,60
820,841,0.9,94,9.6,3.5,71
821,842,0.9,93,9.6,4.0,80
822,843,0.9,92,9.6,4.3,81
823,844,0.9,91,9.6,4.4,78
824,845,0.9,91,9.8,4.7,75
825,846,0.9,90,10.7,5.0,75
826,847,0.9,90,10.9,5.3,76
827,848,0.9,90,10.9,5.3,74
828,849,0.9,90,10.9,5.5,74
829,850,0.9,90,10.8,5.3,74
830,851,0.9,93,9.6,4.4,87
831,852,0.9,92,9.5,4.5,82
832,853,0.9,92,9.5,4.6,74
833,854,0.9,91,9.5,4.8,76
834,855,0.9,91,9.5,5.3,77
835,856,0.9,90,9.6,5.5,77
836,857,0.9,90,10.5,5.6,77
837,858,0.9,90,10.9,5.5,75
838,859,0.9,90,10.9,5.5,76
839,860,0.9,91,10.4,5.4,78
840,861,0.9,92,9.5,4.7,79
841,862,0.9,91,9.5,4.7,75
842,863,0.9,91,9.5,5.4,70
843,864,0.9,91,9.5,5.7,75
844,865,0.9,91,9.5,5.8,79
845,866,0.9,90,9.5,5.6,78
846,867,0.9,90,9.5,5.8,75
847,868,0.9,89,9.8,5.9,74
848,869,1.0,90,9.9,5.9,79
849,870,1.0,92,9.7,6.2,83
850,871,0.9,93,9.5,5.3,81
851,872,0.9,91,9.5,5.5,73
852,873,0.9,90,9.5,6.0,72
853,874,0.9,92,9.4,6.1,79
854,875,0.9,91,9.4,6.0,77
855,876,0.9,90,9.5,6.2,74
856,877,1.0,90,9.5,6.3,75
857,878,1.0,90,9.5,6.2,81
858,879,1.1,91,9.6,6.3,86
859,880,1.1,90,9.6,6.5,88
860,881,1.0,96,9.4,5.5,83
861,882,0.9,97,9.4,5.8,74
862,883,0.9,96,9.4,6.1,76
863,884,1.0,93,9.4,6.0,80
864,885,1.0,91,9.4,6.3,75
865,886,1.0,90,9.4,6.7,75
866,887,1.1,90,9.4,6.7,80
867,888,1.1,90,9.5,6.3,87
868,889,1.1,88,9.5,6.3,92
869,890,1.1,86,9.6,6.3,93
870,891,1.0,96,9.4,5.6,82
871,892,1.0,94,9.4,5.8,76
872,893,1.0,92,9.4,6.0,76
873,894,1.0,91,9.4,5.9,75
874,895,1.0,90,9.4,6.2,72
875,896,1.1,90,9.4,6.8,78
876,897,1.1,89,9.4,6.5,86
877,898,1.1,87,9.4,6.1,94
878,899,1.1,86,9.5,6.0,93
879,900,1.1,85,9.5,5.9,91
880,901,0.4,324,6.2,1.0,352
881,902,0.4,321,6.5,1.8,7
882,903,0.3,326,5.9,2.6,1
883,904,0.3,319,5.3,3.3,2
884,905,0.5,315,6.0,1.7,6
885,906,0.5,315,6.2,2.4,359
886,907,0.5,315,5.6,2.8,354
887,908,0.5,314,5.2,3.2,355
888,909,0.5,312,5.3,2.2,1
889,910,0.5,309,5.8,2.5,2
890,911,0.5,308,6.1,2.7,7
891,912,0.5,308,6.0,2.9,5
892,913,0.5,308,5.1,2.8,356
893,914,0.5,309,5.2,2.2,344
894,915,0.5,307,5.3,1.5,319
895,916,0.5,296,5.7,2.6,34
896,917,0.5,298,5.8,3.1,43
897,918,0.5,299,6.1,3.2,36
898,919,0.6,300,5.6,3.1,25
899,920,0.6,300,5.1,2.9,12
900,921,0.5,300,5.2,2.2,356
901,922,0.0,5,4.0,2.1,326
902,923,0.3,328,4.8,3.2,305
903,924,0.5,289,5.5,2.2,37
904,925,0.5,288,5.7,2.6,33
905,926,0.5,290,5.9,2.7,26
906,927,0.6,292,6.0,2.6,17
907,928,0.6,292,5.2,2.6,4
908,929,0.6,292,5.2,2.7,349
909,930,0.6,295,5.2,3.1,332
910,931,0.6,299,5.3,3.8,320
911,932,0.5,284,5.2,2.3,2
912,933,0.5,282,5.5,2.6,355
913,934,0.5,282,5.7,2.6,346
914,935,0.6,283,5.8,2.4,331
915,936,0.6,284,5.4,2.6,324
916,937,0.6,284,5.1,3.0,322
917,938,0.6,285,5.2,3.4,322
918,939,0.7,286,5.3,4.0,323
919,940,0.5,288,5.1,3.3,343
920,941,0.6,287,5.4,3.2,326
921,942,0.6,286,5.5,3.3,313
922,943,0.6,284,5.7,3.5,302
923,944,0.6,281,5.3,3.7,294
924,945,0.6,279,5.1,4.2,295
925,946,0.7,279,5.2,4.5,299
926,947,0.7,280,5.2,4.6,304
927,948,0.7,298,5.1,4.5,337
928,949,0.7,298,5.1,4.7,321
929,950,0.8,297,5.2,5.1,307
930,951,0.9,296,5.1,5.4,298
931,952,0.9,294,5.0,5.6,291
932,953,0.8,289,4.9,5.8,287
933,954,0.8,286,5.0,5.9,285
934,955,0.8,284,5.1,5.9,286
935,956,0.9,295,5.2,5.3,346
936,957,0.9,295,5.3,5.6,327
937,958,1.0,295,5.4,6.0,312
938,959,1.1,295,5.5,6.4,301
939,960,1.1,295,5.7,6.6,295
940,961,1.1,292,5.5,7.0,292
941,962,1.1,289,5.1,7.6,286
942,963,1.1,288,5.0,7.9,282
943,964,1.0,294,5.5,5.9,337
944,965,1.1,292,5.6,5.8,322
945,966,1.1,289,5.6,5.7,320
946,967,1.2,289,5.7,5.6,322
947,968,1.2,288,5.8,5.6,323
948,969,1.3,288,5.9,5.8,318
949,970,1.2,288,5.5,6.1,313
950,971,1.2,287,5.3,6.8,308
951,972,1.1,295,5.5,6.4,322
952,973,1.2,289,5.7,6.6,313
953,974,1.2,284,5.7,5.2,320
954,975,1.2,283,5.8,5.7,330
955,976,1.2,280,5.9,5.6,328
956,977,1.2,281,5.9,5.6,330
957,978,1.2,285,5.8,6.1,335
958,979,1.2,289,5.5,6.7,333
959,980,1.2,292,5.5,7.4,321
960,981,1.2,282,5.8,6.9,312
961,982,1.2,279,5.8,4.7,312
962,983,1.2,281,5.8,6.1,323
963,984,1.3,282,5.9,6.1,321
964,985,1.3,289,5.9,6.1,325
965,986,1.3,297,5.7,7.0,325
966,987,1.4,297,5.7,7.9,319
967,988,1.2,284,5.6,6.6,325
968,989,1.2,282,5.7,5.1,323
969,990,1.3,292,5.7,5.3,328
970,991,1.3,298,5.8,6.6,327
971,992,1.4,305,5.9,6.6,324
972,993,1.5,313,6.0,7.2,324
973,994,1.6,313,6.0,8.1,320
974,995,1.7,307,6.1,8.7,315
975,996,1.0,263,5.8,6.0,329
976,997,1.1,268,5.8,5.3,325
977,998,1.2,286,5.7,7.5,328
978,999,1.3,297,5.7,7.6,327
979,1000,1.5,313,5.8,7.3,321
980,1001,1.6,317,5.9,8.3,320
981,1002,1.7,314,6.2,9.1,318
982,1003,1.8,307,6.4,9.6,313
983,1004,0.8,234,5.9,4.8,303
984,1005,0.9,251,5.8,6.1,312
985,1006,1.0,260,5.8,7.6,312
986,1007,1.1,287,5.4,7.3,314
987,1008,1.4,314,5.5,8.3,317
988,1009,1.6,313,5.7,9.0,316
989,1010,1.6,309,5.9,9.3,312
990,1011,1.8,303,6.2,9.5,313
991,1237,1.9,296,6.5,10.0,312
992,1238,2.0,289,6.7,10.1,308
993,1239,1.9,282,6.5,9.5,303
994,1240,1.8,276,6.3,8.7,294
995,1247,1.9,300,6.6,10.0,311
996,1248,1.9,293,6.5,10.0,309
997,1249,1.8,285,6.3,9.9,304
998,1250,1.5,279,6.1,9.2,298
999,1261,1.7,299,6.1,9.1,310
1000,1262,1.7,292,6.0,9.5,305
1001,1263,1.6,286,5.9,9.7,300
1002,1264,1.6,278,6.0,9.6,296
1003,1275,1.4,294,5.7,8.3,312
1004,1276,1.4,289,5.7,8.7,307
1005,1277,1.4,283,5.8,9.1,303
1006,1278,1.5,279,5.9,9.5,299
1007,1289,1.3,288,5.5,7.2,326
1008,1290,1.3,285,5.6,7.7,316
1009,1291,1.4,283,5.7,7.4,310
1010,1292,1.4,281,5.8,7.2,294
1011,1303,1.3,287,5.3,7.4,303
1012,1304,1.3,286,5.4,8.1,294
1013,1305,1.4,285,5.5,8.4,286
1014,1306,1.4,283,5.5,9.0,279
1015,1314,1.1,287,5.1,8.0,278
1016,1315,1.1,285,5.2,7.9,276
1017,1316,1.1,284,5.3,7.6,277
1018,1317,1.0,279,5.3,7.0,280
1019,1325,0.8,282,5.2,6.0,289
1020,1326,0.8,281,5.3,6.1,293
1021,1327,0.8,281,5.4,5.6,296
1022,1328,0.8,281,5.5,4.6,301
1023,1336,0.7,281,5.3,4.8,309
1024,1337,0.7,282,5.4,4.8,313
1025,1338,0.7,284,5.6,4.2,318
1026,1339,0.7,283,5.6,3.5,312
1027,1347,0.7,287,5.4,3.8,322
1028,1348,0.4,312,4.9,3.7,325
1029,1349,0.5,300,5.3,3.5,316
1030,1358,0.6,296,5.3,4.1,315
1031,1359,0.3,285,4.6,2.8,310
1032,1368,0.5,310,5.3,3.7,297
1033,1420,0.8,145,9.5,4.5,28
1034,1421,1.0,136,9.8,2.7,43
1035,1432,0.9,173,9.7,6.3,286
1036,1433,0.9,183,9.9,4.5,281
1037,1434,1.0,176,8.9,2.8,258
1038,1435,1.2,144,10.0,5.1,242
1039,1446,0.9,116,9.7,4.8,263
1040,1447,1.0,127,9.8,5.9,252
1041,1448,1.1,155,9.9,6.8,246
1042,1449,1.3,173,9.9,7.2,242
1043,1460,1.0,99,9.8,4.8,261
1044,1461,1.0,97,9.9,5.6,253
1045,1462,1.1,89,9.9,6.0,251
1046,1463,1.1,76,9.8,6.0,249
1047,1474,0.9,91,9.7,3.7,260
1048,1475,1.0,91,9.7,3.9,259
1049,1476,1.0,89,9.8,4.5,259
1050,1477,1.1,88,9.9,4.8,256
1051,1488,0.9,93,9.7,2.5,257
1052,1489,0.9,92,9.8,2.9,255
1053,1490,0.9,93,9.8,3.4,253
1054,1491,1.0,92,9.9,3.9,252
1055,1502,0.9,93,9.8,2.2,254
1056,1503,0.9,92,9.8,2.4,251
1057,1504,0.9,92,9.8,2.5,255
1058,1505,1.0,92,9.9,2.6,263
1059,1516,0.9,91,9.8,1.5,252
1060,1517,0.9,91,9.8,1.6,277
1061,1518,0.9,91,9.8,2.3,292
1062,1519,1.0,91,9.9,2.5,292
1063,1530,0.9,91,9.8,1.3,300
1064,1531,0.9,90,9.8,1.8,306
1065,1532,0.9,90,9.9,1.7,305
1066,1533,0.9,90,9.9,1.8,295
1067,1544,0.9,91,9.7,1.4,349
1068,1545,0.9,90,9.8,1.5,340
1069,1546,0.9,90,9.8,1.6,333
1070,1547,0.9,90,9.9,1.9,338
1071,1558,0.9,91,9.7,2.2,27
1072,1559,0.9,90,9.7,2.1,22
1073,1560,0.9,89,9.8,1.9,33
1074,1561,0.9,89,9.8,1.6,48
1075,1572,0.9,90,9.7,3.4,53
1076,1573,0.9,90,9.7,3.1,56
1077,1574,0.9,89,9.7,2.9,58
1078,1575,1.0,88,9.8,2.5,71
1079,1586,0.9,90,9.6,3.8,69
1080,1587,1.0,90,9.7,3.7,70
1081,1588,1.0,90,9.7,3.2,88
1082,1589,1.0,89,9.7,2.8,110
1083,1600,1.0,90,9.6,4.3,81
1084,1601,1.0,91,9.6,4.1,97
1085,1602,1.0,90,9.7,3.9,106
1086,1603,1.0,90,9.7,3.7,110
1087,1614,1.0,91,9.7,4.5,100
1088,1615,1.0,91,9.7,4.8,104
1089,1616,1.0,91,9.7,4.8,106
1090,1617,1.0,91,9.7,4.5,109
1091,1628,1.0,92,9.6,5.4,102
1092,1629,1.0,92,9.6,5.7,102
1093,1630,1.0,93,9.6,5.6,103
1094,1631,1.0,94,9.6,5.7,108
1095,1642,1.1,92,9.6,6.1,98
1096,1643,1.1,92,9.6,6.1,98
1097,1644,1.1,93,9.6,5.9,103
1098,1645,1.0,93,9.6,5.5,113
1099,1656,1.1,89,9.5,6.2,97
1100,1657,1.1,90,9.5,5.7,102
1101,1658,1.0,90,9.5,5.3,113
1102,1659,1.0,90,9.5,5.2,132
1103,1670,1.1,85,9.5,5.6,103
1104,1671,1.1,86,9.5,5.2,115
1105,1672,1.0,87,9.5,5.1,132
1106,1673,1.0,87,9.6,5.3,149
1107,1684,1.1,81,9.6,5.2,114
1108,1685,1.0,83,9.6,5.1,134
1109,1686,1.0,84,9.6,5.5,151
1110,1687,1.0,85,9.6,5.5,155
1111,5021,-999.0,-999,-999.0,-999.0,-999
1112,5022,0.2,126,3.1,5.0,28
1113,5029,-999.0,-999,-999.0,-999.0,-999
1114,5038,0.0,65,4.7,2.4,4
1115,5047,-999.0,-999,-999.0,-999.0,-999
1116,5055,-999.0,-999,-999.0,-999.0,-999
1117,5087,0.0,29,5.1,3.6,3
1118,5097,-999.0,-999,-999.0,-999.0,-999
1119,5098,-999.0,-999,-999.0,-999.0,-999
1120,5099,0.0,187,4.2,1.8,78
1121,5118,0.1,195,5.2,3.0,64
1122,5124,0.0,215,5.0,3.8,57
1123,5130,0.1,264,3.9,1.7,93
1124,5131,-999.0,-999,-999.0,-999.0,-999
1125,5137,0.1,241,4.6,1.9,121
1126,5138,0.0,202,4.9,0.2,30
1127,5146,0.1,223,4.8,3.5,162
1128,5147,0.0,269,4.3,2.3,146
1129,5154,0.0,269,4.5,2.4,105
1130,5164,-999.0,-999,-999.0,-999.0,-999
1131,5174,0.0,252,4.6,3.2,82
1132,5184,0.0,295,4.6,2.7,96
1133,5213,0.0,-999,4.4,1.2,128
1134,5214,0.0,172,4.2,1.0,162
1135,6003,-999.0,-999,-999.0,-999.0,-999
1136,6005,0.0,176,4.5,4.4,129
1137,6058,-999.0,-999,-999.0,-999.0,-999
1138,6062,-999.0,-999,-999.0,-999.0,-999
1139,6066,-999.0,-999,-999.0,-999.0,-999
1140,6076,-999.0,-999,-999.0,-999.0,-999
1141,6077,-999.0,-999,-999.0,-999.0,-999
1142,6116,0.1,170,5.2,4.5,35
1143,6119,0.1,159,5.2,7.0,53
1144,6137,-999.0,-999,-999.0,-999.0,-999
1145,6138,-999.0,-999,-999.0,-999.0,-999
1146,6139,-999.0,-999,-999.0,-999.0,-999
1147,6154,0.7,107,4.0,7.8,102
1148,6155,1.0,118,5.1,8.0,107
1149,6454,-999.0,-999,-999.0,-999.0,-999
1150,6455,-999.0,-999,-999.0,-999.0,-999
1151,6456,0.5,154,3.1,6.3,167
1152,6457,0.7,161,3.9,7.8,175
1153,6486,-999.0,-999,-999.0,-999.0,-999
1154,6487,0.6,155,3.8,8.1,175
1155,6601,-999.0,-999,-999.0,-999.0,-999
1156,6602,-999.0,-999,-999.0,-999.0,-999
1157,6603,0.0,81,3.2,3.5,179
1158,6604,-999.0,-999,-999.0,-999.0,-999
1159,6605,0.3,166,3.0,5.1,180
1160,6614,-999.0,-999,-999.0,-999.0,-999
1161,6615,0.3,156,4.2,4.6,190
1162,6624,-999.0,-999,-999.0,-999.0,-999
1163,6642,-999.0,-999,-999.0,-999.0,-999
1164,6660,0.1,86,3.7,3.9,352
1165,6670,0.7,99,6.2,7.1,13
1166,6680,0.0,49,3.5,10.6,18
1167,6681,1.1,63,5.7,9.2,20
1168,6690,0.8,29,3.7,10.5,16
1169,6691,1.1,57,5.9,9.2,20
1170,6901,0.0,202,3.0,3.0,92
1171,6902,0.0,211,3.1,3.3,78
1172,6903,0.0,221,3.2,3.9,66
1173,6904,0.0,222,3.3,3.2,51
1174,6905,0.0,180,3.1,6.0,152
1175,6906,0.0,203,2.8,6.2,152
1176,6907,0.1,220,2.9,5.5,159
1177,6908,0.1,231,3.2,3.2,160
1178,6909,0.0,243,3.2,3.0,194
1179,6910,0.0,158,3.6,5.5,88
1180,6911,0.0,161,4.2,6.3,99
1181,6912,0.0,133,3.9,6.7,111
1182,6913,0.0,143,2.7,5.2,109
1183,6914,0.0,233,2.7,3.2,106
1184,6915,0.0,238,2.9,2.2,180
1185,6918,0.2,79,2.8,9.4,57
1186,6919,0.2,72,2.9,9.7,58
1187,6920,0.1,71,2.8,10.2,54
1188,6921,0.0,72,2.7,8.7,46
1189,6922,0.0,305,2.7,7.2,40
1190,6923,0.0,242,3.2,5.2,46
1191,6928,0.7,77,3.2,11.0,54
1192,6929,0.4,82,2.8,10.0,62
1193,6930,0.1,84,2.7,8.3,71
1194,6931,0.0,105,3.0,6.1,77
1195,6932,0.1,125,3.0,3.4,84
1196,6933,0.1,149,5.5,4.7,82
1197,6937,1.1,93,4.2,11.9,59
1198,6938,0.8,97,3.6,10.7,57
1199,6939,0.5,97,3.1,9.0,64
1200,6940,0.2,100,2.7,9.3,70
1201,6941,0.2,105,2.7,7.6,85
1202,6943,1.2,74,4.6,11.3,58
1203,6944,1.0,64,4.0,11.4,63
1204,6945,0.6,62,3.4,9.8,69
1205,6946,0.7,92,3.4,10.0,75
1206,6947,0.6,96,3.1,11.3,69
1207,6948,0.6,54,4.0,10.3,66
1208,6949,0.3,26,3.7,9.9,63
1209,6950,-999.0,-999,-999.0,-999.0,-999
1210,6951,0.3,128,3.6,4.7,147
1211,6952,0.8,108,5.1,6.0,141
1212,6953,0.9,113,4.9,7.1,132
1213,6954,-999.0,-999,-999.0,-999.0,-999
1214,6955,0.6,98,5.2,5.0,147
1215,6956,0.7,100,5.0,6.3,147
1216,6957,0.8,107,4.8,7.3,146
1217,6958,-999.0,-999,-999.0,-999.0,-999
1218,6959,0.6,87,5.2,5.2,142
1219,6960,0.7,93,4.9,6.0,150
1220,6961,0.7,109,4.7,7.0,152
1221,6962,-999.0,-999,-999.0,-999.0,-999
1222,6963,0.6,75,5.0,5.7,160
1223,6964,0.7,92,4.8,6.5,167
1224,6965,0.7,114,4.7,6.6,165
1225,6966,0.5,69,4.8,5.7,171
1226,6967,0.6,95,4.7,6.0,169
1227,6968,0.7,119,4.6,6.4,168
1228,6969,-999.0,-999,-999.0,-999.0,-999
1229,6970,0.5,103,4.4,5.7,172
1230,6971,0.7,132,4.3,6.3,171
1231,6972,0.5,131,3.6,6.9,173
1232,6973,0.6,147,3.8,7.4,173
1233,6974,0.2,121,3.6,6.3,168
1234,6975,0.5,135,3.6,7.0,169
1235,6976,0.8,146,4.4,6.7,172
1236,6977,0.4,126,3.5,6.8,171
1237,6978,0.7,139,4.4,7.2,173
1238,7349,-999.0,-999,-999.0,-999.0,-999
1239,7359,0.2,317,4.1,3.5,302
1240,7360,-999.0,-999,-999.0,-999.0,-999
1241,7361,-999.0,-999,-999.0,-999.0,-999
1242,7363,0.3,328,5.8,2.0,107
1243,7366,0.3,335,6.3,1.9,83
1244,7367,0.1,352,6.2,0.5,80
1245,7368,0.5,301,5.5,3.6,284
1246,7370,0.1,344,7.1,1.1,220
1247,7372,0.0,239,4.8,0.2,83
1248,7373,0.0,-999,3.7,1.5,8
1249,7377,0.0,244,4.7,1.8,1
1250,7378,0.0,256,4.6,1.1,19
1251,7382,0.0,248,3.7,2.1,19
1252,7383,0.0,-999,2.7,1.1,12
1253,7388,0.0,170,9.7,2.8,308
1254,7413,-999.0,-999,-999.0,-999.0,-999
1255,7414,0.2,149,9.9,0.6,290
1256,7415,0.6,117,9.5,2.5,43
1257,7420,0.0,138,8.8,3.2,318
1258,7421,0.0,289,2.7,1.0,329
1259,7422,0.6,110,9.7,0.7,61
1260,7426,0.5,119,9.6,1.0,33
1261,7432,0.6,111,9.7,2.7,340
1262,7432,0.6,191,8.8,3.4,300
1263,7433,0.6,201,6.2,1.4,105
1264,7434,0.3,202,4.9,1.8,74
1265,7435,0.5,151,9.9,4.5,38
1266,7436,0.3,191,6.0,3.6,56
1267,7437,0.0,197,4.8,3.5,66
1268,7472,0.1,234,5.2,3.0,12
1269,7473,0.0,176,5.1,0.8,59
1270,7474,0.7,100,10.0,1.9,59
1271,7904,0.3,309,5.2,1.8,357
1272,7922,0.0,8,4.1,0.8,279
1273,7923,-999.0,-999,-999.0,-999.0,-999
1274,8101,0.5,214,5.7,2.0,267
1275,8102,0.6,220,5.8,5.2,282
1276,8103,0.7,226,5.8,5.4,283
1277,8104,0.9,273,5.3,6.7,302
1278,8105,1.2,302,5.1,8.7,310
1279,8106,1.5,302,5.5,9.9,308
1280,8107,1.5,301,5.8,9.1,305
1281,8108,1.6,299,6.1,8.2,306
1282,8109,1.8,293,6.3,8.9,303
1283,8110,1.9,285,6.6,9.4,300
1284,8111,1.9,278,6.6,9.0,296
1285,8112,1.8,273,6.4,8.6,290
1286,8113,0.4,206,5.3,3.1,270
1287,8114,0.7,242,5.4,5.5,291
1288,8115,1.0,270,5.2,7.8,295
1289,8116,1.2,282,5.5,8.7,295
1290,8117,1.5,300,5.7,9.0,298
1291,8118,1.6,301,5.9,8.8,302
1292,8119,1.7,294,6.1,9.3,307
1293,8120,1.7,283,6.4,8.3,304
1294,8121,1.8,278,6.4,8.2,300
1295,8122,1.8,273,6.3,8.8,299
1296,8123,0.4,203,5.7,3.3,289
1297,8124,0.7,221,5.8,5.0,276
1298,8125,1.0,258,5.9,7.0,286
1299,8126,1.3,295,5.5,9.1,296
1300,8127,1.6,303,5.5,10.0,303
1301,8128,1.7,297,5.9,9.7,310
1302,8129,1.7,286,6.2,8.3,311
1303,8130,1.7,279,6.2,9.1,312
1304,8131,1.7,271,6.2,9.3,310
1305,8132,0.5,200,5.9,3.3,277
1306,8133,0.8,216,6.0,5.6,272
1307,8134,1.1,267,5.5,8.0,285
1308,8135,1.5,295,4.9,10.2,298
1309,8136,1.6,300,5.4,9.6,306
1310,8137,1.7,301,5.6,8.9,312
1311,8138,1.7,288,5.8,9.9,315
1312,8139,1.5,273,5.9,9.7,312
1313,8140,0.6,198,5.9,3.9,269
1314,8141,0.8,221,5.8,6.1,294
1315,8142,1.0,251,5.2,7.5,291
1316,8143,1.3,300,5.2,7.0,305
1317,8144,1.6,313,5.3,9.8,315
1318,8145,1.6,303,5.4,9.4,315
1319,8146,1.6,286,5.6,9.7,318
1320,8147,0.5,191,5.5,2.7,298
1321,8148,0.8,249,5.3,7.3,324
1322,8149,1.1,297,4.7,10.4,320
1323,8150,1.3,309,5.2,9.0,320
1324,8151,1.4,313,5.3,8.2,328
1325,8152,1.5,298,5.5,9.0,335
1326,8300,-999.0,-999,-999.0,-999.0,-999
1327,8301,0.1,202,5.1,4.0,359
1328,8302,0.5,220,5.4,5.2,354
1329,8303,0.2,163,4.8,2.9,323
1330,8304,0.4,179,4.8,3.9,352
